maintenance_id,atm_id,maintenance_type,start_time,completion_time,component_replaced,outcome,related_incident_id
MAINT_INC_ATM_0128_20260101031000,ATM_0128,corrective,2026-01-01 03:10:00,2026-01-01 06:10:00,printer_mechanism,successful,INC_ATM_0128_20260101031000
MAINT_INC_ATM_0069_20260101040500,ATM_0069,corrective,2026-01-01 04:05:00,2026-01-01 06:10:00,card_reader,successful,INC_ATM_0069_20260101040500
MAINT_INC_ATM_0092_20260101041000,ATM_0092,corrective,2026-01-01 04:10:00,2026-01-01 07:10:00,printer_mechanism,successful,INC_ATM_0092_20260101041000
MAINT_INC_ATM_0025_20260101043000,ATM_0025,corrective,2026-01-01 04:30:00,2026-01-01 06:55:00,dispenser_mechanism,successful,INC_ATM_0025_20260101043000
MAINT_INC_ATM_0170_20260101045500,ATM_0170,corrective,2026-01-01 04:55:00,2026-01-01 07:55:00,dispenser_mechanism,successful,INC_ATM_0170_20260101045500
MAINT_INC_ATM_0156_20260101052500,ATM_0156,corrective,2026-01-01 05:25:00,2026-01-01 06:55:00,cooling_fan,successful,INC_ATM_0156_20260101052500
MAINT_INC_ATM_0003_20260101054500,ATM_0003,corrective,2026-01-01 05:45:00,2026-01-01 07:55:00,dispenser_mechanism,successful,INC_ATM_0003_20260101054500
MAINT_INC_ATM_0148_20260101054500,ATM_0148,corrective,2026-01-01 05:45:00,2026-01-01 12:50:00,software_update,successful,INC_ATM_0148_20260101054500
MAINT_INC_ATM_0159_20260101060500,ATM_0159,corrective,2026-01-01 06:05:00,2026-01-01 13:05:00,card_reader,successful,INC_ATM_0159_20260101060500
MAINT_INC_ATM_0101_20260101062000,ATM_0101,corrective,2026-01-01 06:20:00,2026-01-01 14:30:00,printer_mechanism,successful,INC_ATM_0101_20260101062000
MAINT_INC_ATM_0045_20260101063000,ATM_0045,corrective,2026-01-01 06:30:00,2026-01-01 08:10:00,card_reader,successful,INC_ATM_0045_20260101063000
MAINT_INC_ATM_0016_20260101072500,ATM_0016,corrective,2026-01-01 07:25:00,2026-01-01 09:35:00,network_module,successful,INC_ATM_0016_20260101072500
MAINT_INC_ATM_0008_20260101075000,ATM_0008,corrective,2026-01-01 07:50:00,2026-01-01 15:05:00,card_reader,successful,INC_ATM_0008_20260101075000
MAINT_INC_ATM_0039_20260101081000,ATM_0039,corrective,2026-01-01 08:10:00,2026-01-01 10:50:00,card_reader,successful,INC_ATM_0039_20260101081000
MAINT_INC_ATM_0127_20260101085000,ATM_0127,corrective,2026-01-01 08:50:00,2026-01-01 11:35:00,printer_mechanism,successful,INC_ATM_0127_20260101085000
MAINT_INC_ATM_0072_20260101091500,ATM_0072,corrective,2026-01-01 09:15:00,2026-01-01 12:00:00,cooling_fan,successful,INC_ATM_0072_20260101091500
MAINT_INC_ATM_0061_20260101092000,ATM_0061,corrective,2026-01-01 09:20:00,2026-01-01 12:05:00,dispenser_mechanism,successful,INC_ATM_0061_20260101092000
MAINT_INC_ATM_0083_20260101114500,ATM_0083,corrective,2026-01-01 11:45:00,2026-01-01 13:40:00,printer_mechanism,successful,INC_ATM_0083_20260101114500
MAINT_INC_ATM_0074_20260101121500,ATM_0074,corrective,2026-01-01 12:15:00,2026-01-01 21:55:00,card_reader,successful,INC_ATM_0074_20260101121500
MAINT_INC_ATM_0018_20260101123500,ATM_0018,corrective,2026-01-01 12:35:00,2026-01-01 16:55:00,printer_mechanism,successful,INC_ATM_0018_20260101123500
MAINT_INC_ATM_0058_20260101131000,ATM_0058,corrective,2026-01-01 13:10:00,2026-01-01 20:20:00,printer_mechanism,successful,INC_ATM_0058_20260101131000
MAINT_INC_ATM_0046_20260101134000,ATM_0046,corrective,2026-01-01 13:40:00,2026-01-01 16:15:00,network_module,successful,INC_ATM_0046_20260101134000
MAINT_INC_ATM_0142_20260101134500,ATM_0142,corrective,2026-01-01 13:45:00,2026-01-01 16:20:00,dispenser_mechanism,successful,INC_ATM_0142_20260101134500
MAINT_INC_ATM_0130_20260101140000,ATM_0130,corrective,2026-01-01 14:00:00,2026-01-01 16:15:00,printer_mechanism,successful,INC_ATM_0130_20260101140000
MAINT_INC_ATM_0006_20260101144000,ATM_0006,corrective,2026-01-01 14:40:00,2026-01-01 18:00:00,software_update,successful,INC_ATM_0006_20260101144000
MAINT_INC_ATM_0166_20260101145000,ATM_0166,corrective,2026-01-01 14:50:00,2026-01-01 18:20:00,software_update,successful,INC_ATM_0166_20260101145000
MAINT_INC_ATM_0089_20260101155500,ATM_0089,corrective,2026-01-01 15:55:00,2026-01-01 18:15:00,dispenser_mechanism,successful,INC_ATM_0089_20260101155500
MAINT_INC_ATM_0095_20260101162500,ATM_0095,corrective,2026-01-01 16:25:00,2026-01-01 18:10:00,printer_mechanism,successful,INC_ATM_0095_20260101162500
MAINT_INC_ATM_0064_20260101164000,ATM_0064,corrective,2026-01-01 16:40:00,2026-01-01 19:05:00,cooling_fan,successful,INC_ATM_0064_20260101164000
MAINT_INC_ATM_0051_20260101165500,ATM_0051,corrective,2026-01-01 16:55:00,2026-01-01 22:50:00,printer_mechanism,successful,INC_ATM_0051_20260101165500
MAINT_INC_ATM_0033_20260101184000,ATM_0033,corrective,2026-01-01 18:40:00,2026-01-01 21:25:00,card_reader,successful,INC_ATM_0033_20260101184000
MAINT_INC_ATM_0082_20260101212500,ATM_0082,corrective,2026-01-01 21:25:00,2026-01-01 23:20:00,card_reader,successful,INC_ATM_0082_20260101212500
MAINT_INC_ATM_0028_20260101221000,ATM_0028,corrective,2026-01-01 22:10:00,2026-01-02 00:40:00,dispenser_mechanism,successful,INC_ATM_0028_20260101221000
MAINT_INC_ATM_0129_20260101222000,ATM_0129,corrective,2026-01-01 22:20:00,2026-01-02 00:25:00,card_reader,successful,INC_ATM_0129_20260101222000
MAINT_INC_ATM_0147_20260101225000,ATM_0147,corrective,2026-01-01 22:50:00,2026-01-02 11:25:00,printer_mechanism,successful,INC_ATM_0147_20260101225000
MAINT_INC_ATM_0160_20260101225000,ATM_0160,corrective,2026-01-01 22:50:00,2026-01-02 00:35:00,printer_mechanism,successful,INC_ATM_0160_20260101225000
MAINT_INC_ATM_0022_20260101231500,ATM_0022,corrective,2026-01-01 23:15:00,2026-01-02 05:40:00,network_module,successful,INC_ATM_0022_20260101231500
MAINT_INC_ATM_0116_20260101231500,ATM_0116,corrective,2026-01-01 23:15:00,2026-01-02 11:25:00,dispenser_mechanism,successful,INC_ATM_0116_20260101231500
MAINT_INC_ATM_0073_20260101234500,ATM_0073,corrective,2026-01-01 23:45:00,2026-01-02 01:05:00,card_reader,successful,INC_ATM_0073_20260101234500
MAINT_INC_ATM_0092_20260102002500,ATM_0092,corrective,2026-01-02 00:25:00,2026-01-02 08:35:00,dispenser_mechanism,successful,INC_ATM_0092_20260102002500
MAINT_INC_ATM_0047_20260102004000,ATM_0047,corrective,2026-01-02 00:40:00,2026-01-02 02:50:00,cooling_fan,successful,INC_ATM_0047_20260102004000
MAINT_INC_ATM_0004_20260102014000,ATM_0004,corrective,2026-01-02 01:40:00,2026-01-02 11:15:00,dispenser_mechanism,successful,INC_ATM_0004_20260102014000
MAINT_INC_ATM_0112_20260102024000,ATM_0112,corrective,2026-01-02 02:40:00,2026-01-02 11:20:00,software_update,successful,INC_ATM_0112_20260102024000
MAINT_INC_ATM_0029_20260102030500,ATM_0029,corrective,2026-01-02 03:05:00,2026-01-02 05:50:00,dispenser_mechanism,successful,INC_ATM_0029_20260102030500
MAINT_INC_ATM_0155_20260102031500,ATM_0155,corrective,2026-01-02 03:15:00,2026-01-02 09:40:00,card_reader,successful,INC_ATM_0155_20260102031500
MAINT_INC_ATM_0030_20260102032000,ATM_0030,corrective,2026-01-02 03:20:00,2026-01-02 09:55:00,printer_mechanism,successful,INC_ATM_0030_20260102032000
MAINT_INC_ATM_0128_20260102032500,ATM_0128,corrective,2026-01-02 03:25:00,2026-01-02 11:25:00,network_module,successful,INC_ATM_0128_20260102032500
MAINT_INC_ATM_0118_20260102033000,ATM_0118,corrective,2026-01-02 03:30:00,2026-01-02 07:55:00,software_update,successful,INC_ATM_0118_20260102033000
MAINT_INC_ATM_0005_20260102040500,ATM_0005,corrective,2026-01-02 04:05:00,2026-01-02 11:30:00,software_update,successful,INC_ATM_0005_20260102040500
MAINT_INC_ATM_0065_20260102043000,ATM_0065,corrective,2026-01-02 04:30:00,2026-01-02 06:30:00,printer_mechanism,successful,INC_ATM_0065_20260102043000
MAINT_INC_ATM_0167_20260102051000,ATM_0167,corrective,2026-01-02 05:10:00,2026-01-02 07:25:00,card_reader,successful,INC_ATM_0167_20260102051000
MAINT_INC_ATM_0156_20260102075000,ATM_0156,corrective,2026-01-02 07:50:00,2026-01-02 15:40:00,dispenser_mechanism,successful,INC_ATM_0156_20260102075000
MAINT_INC_ATM_0054_20260102081500,ATM_0054,corrective,2026-01-02 08:15:00,2026-01-02 15:55:00,power_supply,successful,INC_ATM_0054_20260102081500
MAINT_INC_ATM_0113_20260102095500,ATM_0113,corrective,2026-01-02 09:55:00,2026-01-02 12:30:00,card_reader,successful,INC_ATM_0113_20260102095500
MAINT_INC_ATM_0174_20260102111500,ATM_0174,corrective,2026-01-02 11:15:00,2026-01-02 12:55:00,printer_mechanism,successful,INC_ATM_0174_20260102111500
MAINT_INC_ATM_0104_20260102120500,ATM_0104,corrective,2026-01-02 12:05:00,2026-01-02 17:25:00,dispenser_mechanism,successful,INC_ATM_0104_20260102120500
MAINT_INC_ATM_0010_20260102123000,ATM_0010,corrective,2026-01-02 12:30:00,2026-01-02 19:45:00,hardware_module,successful,INC_ATM_0010_20260102123000
MAINT_INC_ATM_0007_20260102125000,ATM_0007,corrective,2026-01-02 12:50:00,2026-01-02 15:05:00,card_reader,successful,INC_ATM_0007_20260102125000
MAINT_INC_ATM_0112_20260102125500,ATM_0112,corrective,2026-01-02 12:55:00,2026-01-02 14:40:00,hardware_module,successful,INC_ATM_0112_20260102125500
MAINT_INC_ATM_0098_20260102130500,ATM_0098,corrective,2026-01-02 13:05:00,2026-01-02 15:20:00,dispenser_mechanism,successful,INC_ATM_0098_20260102130500
MAINT_INC_ATM_0060_20260102131000,ATM_0060,corrective,2026-01-02 13:10:00,2026-01-02 21:20:00,card_reader,successful,INC_ATM_0060_20260102131000
MAINT_INC_ATM_0037_20260102134500,ATM_0037,corrective,2026-01-02 13:45:00,2026-01-02 16:10:00,dispenser_mechanism,successful,INC_ATM_0037_20260102134500
MAINT_INC_ATM_0046_20260102142000,ATM_0046,corrective,2026-01-02 14:20:00,2026-01-03 02:20:00,printer_mechanism,successful,INC_ATM_0046_20260102142000
MAINT_INC_ATM_0165_20260102142000,ATM_0165,corrective,2026-01-02 14:20:00,2026-01-03 00:20:00,card_reader,successful,INC_ATM_0165_20260102142000
MAINT_INC_ATM_0083_20260102160000,ATM_0083,corrective,2026-01-02 16:00:00,2026-01-02 18:00:00,power_supply,successful,INC_ATM_0083_20260102160000
MAINT_INC_ATM_0121_20260102163000,ATM_0121,corrective,2026-01-02 16:30:00,2026-01-03 02:25:00,card_reader,successful,INC_ATM_0121_20260102163000
MAINT_INC_ATM_0116_20260102170000,ATM_0116,corrective,2026-01-02 17:00:00,2026-01-02 19:45:00,software_update,successful,INC_ATM_0116_20260102170000
MAINT_INC_ATM_0013_20260102174500,ATM_0013,corrective,2026-01-02 17:45:00,2026-01-02 23:55:00,hardware_module,successful,INC_ATM_0013_20260102174500
MAINT_INC_ATM_0139_20260102175500,ATM_0139,corrective,2026-01-02 17:55:00,2026-01-02 20:00:00,software_update,successful,INC_ATM_0139_20260102175500
MAINT_INC_ATM_0061_20260102180500,ATM_0061,corrective,2026-01-02 18:05:00,2026-01-02 20:25:00,hardware_module,successful,INC_ATM_0061_20260102180500
MAINT_INC_ATM_0029_20260102183000,ATM_0029,corrective,2026-01-02 18:30:00,2026-01-02 20:40:00,network_module,successful,INC_ATM_0029_20260102183000
MAINT_INC_ATM_0045_20260102194000,ATM_0045,corrective,2026-01-02 19:40:00,2026-01-02 22:25:00,power_supply,successful,INC_ATM_0045_20260102194000
MAINT_INC_ATM_0155_20260102203000,ATM_0155,corrective,2026-01-02 20:30:00,2026-01-02 23:30:00,card_reader,successful,INC_ATM_0155_20260102203000
MAINT_INC_ATM_0082_20260102221000,ATM_0082,corrective,2026-01-02 22:10:00,2026-01-03 04:20:00,card_reader,successful,INC_ATM_0082_20260102221000
MAINT_INC_ATM_0035_20260102222000,ATM_0035,corrective,2026-01-02 22:20:00,2026-01-03 00:15:00,cooling_fan,successful,INC_ATM_0035_20260102222000
MAINT_INC_ATM_0014_20260102223000,ATM_0014,corrective,2026-01-02 22:30:00,2026-01-03 07:40:00,software_update,successful,INC_ATM_0014_20260102223000
MAINT_INC_ATM_0150_20260102224000,ATM_0150,corrective,2026-01-02 22:40:00,2026-01-03 00:45:00,network_module,successful,INC_ATM_0150_20260102224000
MAINT_INC_ATM_0058_20260102231000,ATM_0058,corrective,2026-01-02 23:10:00,2026-01-03 09:00:00,software_update,successful,INC_ATM_0058_20260102231000
MAINT_INC_ATM_0110_20260102233000,ATM_0110,corrective,2026-01-02 23:30:00,2026-01-03 06:20:00,card_reader,successful,INC_ATM_0110_20260102233000
MAINT_INC_ATM_0151_20260103004500,ATM_0151,corrective,2026-01-03 00:45:00,2026-01-03 02:35:00,printer_mechanism,successful,INC_ATM_0151_20260103004500
MAINT_INC_ATM_0080_20260103012500,ATM_0080,corrective,2026-01-03 01:25:00,2026-01-03 03:25:00,software_update,successful,INC_ATM_0080_20260103012500
MAINT_INC_ATM_0092_20260103021500,ATM_0092,corrective,2026-01-03 02:15:00,2026-01-03 04:30:00,power_supply,successful,INC_ATM_0092_20260103021500
MAINT_INC_ATM_0128_20260103024000,ATM_0128,corrective,2026-01-03 02:40:00,2026-01-03 04:20:00,cooling_fan,successful,INC_ATM_0128_20260103024000
MAINT_INC_ATM_0162_20260103025500,ATM_0162,corrective,2026-01-03 02:55:00,2026-01-03 05:40:00,network_module,successful,INC_ATM_0162_20260103025500
MAINT_INC_ATM_0032_20260103032500,ATM_0032,corrective,2026-01-03 03:25:00,2026-01-03 11:40:00,dispenser_mechanism,successful,INC_ATM_0032_20260103032500
MAINT_INC_ATM_0171_20260103041000,ATM_0171,corrective,2026-01-03 04:10:00,2026-01-03 05:50:00,card_reader,successful,INC_ATM_0171_20260103041000
MAINT_INC_ATM_0043_20260103041500,ATM_0043,corrective,2026-01-03 04:15:00,2026-01-03 06:00:00,hardware_module,successful,INC_ATM_0043_20260103041500
MAINT_INC_ATM_0034_20260103043000,ATM_0034,corrective,2026-01-03 04:30:00,2026-01-03 10:55:00,printer_mechanism,successful,INC_ATM_0034_20260103043000
MAINT_INC_ATM_0131_20260103043000,ATM_0131,corrective,2026-01-03 04:30:00,2026-01-03 10:35:00,dispenser_mechanism,successful,INC_ATM_0131_20260103043000
MAINT_INC_ATM_0141_20260103053500,ATM_0141,corrective,2026-01-03 05:35:00,2026-01-03 07:50:00,dispenser_mechanism,successful,INC_ATM_0141_20260103053500
MAINT_INC_ATM_0083_20260103064000,ATM_0083,corrective,2026-01-03 06:40:00,2026-01-03 09:05:00,card_reader,successful,INC_ATM_0083_20260103064000
MAINT_INC_ATM_0037_20260103071000,ATM_0037,corrective,2026-01-03 07:10:00,2026-01-03 08:30:00,dispenser_mechanism,successful,INC_ATM_0037_20260103071000
MAINT_INC_ATM_0164_20260103080000,ATM_0164,corrective,2026-01-03 08:00:00,2026-01-03 09:05:00,printer_mechanism,successful,INC_ATM_0164_20260103080000
MAINT_INC_ATM_0134_20260103082000,ATM_0134,corrective,2026-01-03 08:20:00,2026-01-03 10:50:00,dispenser_mechanism,successful,INC_ATM_0134_20260103082000
MAINT_INC_ATM_0046_20260103083500,ATM_0046,corrective,2026-01-03 08:35:00,2026-01-03 11:30:00,software_update,successful,INC_ATM_0046_20260103083500
MAINT_INC_ATM_0096_20260103092000,ATM_0096,corrective,2026-01-03 09:20:00,2026-01-03 12:50:00,power_supply,successful,INC_ATM_0096_20260103092000
MAINT_INC_ATM_0016_20260103095500,ATM_0016,corrective,2026-01-03 09:55:00,2026-01-03 12:10:00,network_module,successful,INC_ATM_0016_20260103095500
MAINT_INC_ATM_0130_20260103102500,ATM_0130,corrective,2026-01-03 10:25:00,2026-01-03 12:55:00,printer_mechanism,successful,INC_ATM_0130_20260103102500
MAINT_INC_ATM_0076_20260103103000,ATM_0076,corrective,2026-01-03 10:30:00,2026-01-03 13:35:00,printer_mechanism,successful,INC_ATM_0076_20260103103000
MAINT_INC_ATM_0115_20260103110000,ATM_0115,corrective,2026-01-03 11:00:00,2026-01-03 13:40:00,dispenser_mechanism,successful,INC_ATM_0115_20260103110000
MAINT_INC_ATM_0123_20260103115000,ATM_0123,corrective,2026-01-03 11:50:00,2026-01-03 13:15:00,card_reader,successful,INC_ATM_0123_20260103115000
MAINT_INC_ATM_0165_20260103123000,ATM_0165,corrective,2026-01-03 12:30:00,2026-01-03 14:50:00,hardware_module,successful,INC_ATM_0165_20260103123000
MAINT_INC_ATM_0086_20260103131500,ATM_0086,corrective,2026-01-03 13:15:00,2026-01-03 14:40:00,dispenser_mechanism,successful,INC_ATM_0086_20260103131500
MAINT_INC_ATM_0130_20260103142500,ATM_0130,corrective,2026-01-03 14:25:00,2026-01-03 15:55:00,network_module,successful,INC_ATM_0130_20260103142500
MAINT_INC_ATM_0062_20260103145000,ATM_0062,corrective,2026-01-03 14:50:00,2026-01-03 16:30:00,printer_mechanism,successful,INC_ATM_0062_20260103145000
MAINT_INC_ATM_0057_20260103145500,ATM_0057,corrective,2026-01-03 14:55:00,2026-01-03 21:00:00,dispenser_mechanism,successful,INC_ATM_0057_20260103145500
MAINT_INC_ATM_0018_20260103162000,ATM_0018,corrective,2026-01-03 16:20:00,2026-01-03 19:00:00,network_module,successful,INC_ATM_0018_20260103162000
MAINT_INC_ATM_0153_20260103172000,ATM_0153,corrective,2026-01-03 17:20:00,2026-01-03 19:10:00,hardware_module,successful,INC_ATM_0153_20260103172000
MAINT_INC_ATM_0078_20260103192500,ATM_0078,corrective,2026-01-03 19:25:00,2026-01-03 22:35:00,card_reader,successful,INC_ATM_0078_20260103192500
MAINT_INC_ATM_0125_20260103192500,ATM_0125,corrective,2026-01-03 19:25:00,2026-01-03 21:25:00,printer_mechanism,successful,INC_ATM_0125_20260103192500
MAINT_INC_ATM_0044_20260103193000,ATM_0044,corrective,2026-01-03 19:30:00,2026-01-03 21:10:00,printer_mechanism,successful,INC_ATM_0044_20260103193000
MAINT_INC_ATM_0114_20260103201500,ATM_0114,corrective,2026-01-03 20:15:00,2026-01-03 22:55:00,network_module,successful,INC_ATM_0114_20260103201500
MAINT_INC_ATM_0025_20260103213000,ATM_0025,corrective,2026-01-03 21:30:00,2026-01-04 00:35:00,dispenser_mechanism,successful,INC_ATM_0025_20260103213000
MAINT_INC_ATM_0159_20260103214000,ATM_0159,corrective,2026-01-03 21:40:00,2026-01-04 00:30:00,printer_mechanism,successful,INC_ATM_0159_20260103214000
MAINT_INC_ATM_0010_20260103220500,ATM_0010,corrective,2026-01-03 22:05:00,2026-01-03 23:50:00,software_update,successful,INC_ATM_0010_20260103220500
MAINT_INC_ATM_0040_20260103221500,ATM_0040,corrective,2026-01-03 22:15:00,2026-01-04 01:15:00,printer_mechanism,successful,INC_ATM_0040_20260103221500
MAINT_INC_ATM_0061_20260103221500,ATM_0061,corrective,2026-01-03 22:15:00,2026-01-04 00:10:00,dispenser_mechanism,successful,INC_ATM_0061_20260103221500
MAINT_INC_ATM_0080_20260103223000,ATM_0080,corrective,2026-01-03 22:30:00,2026-01-04 00:40:00,printer_mechanism,successful,INC_ATM_0080_20260103223000
MAINT_INC_ATM_0063_20260103225000,ATM_0063,corrective,2026-01-03 22:50:00,2026-01-04 05:00:00,dispenser_mechanism,successful,INC_ATM_0063_20260103225000
MAINT_INC_ATM_0031_20260104001000,ATM_0031,corrective,2026-01-04 00:10:00,2026-01-04 02:45:00,power_supply,successful,INC_ATM_0031_20260104001000
MAINT_INC_ATM_0047_20260104001000,ATM_0047,corrective,2026-01-04 00:10:00,2026-01-04 11:00:00,power_supply,successful,INC_ATM_0047_20260104001000
MAINT_INC_ATM_0155_20260104003000,ATM_0155,corrective,2026-01-04 00:30:00,2026-01-04 02:55:00,printer_mechanism,successful,INC_ATM_0155_20260104003000
MAINT_INC_ATM_0134_20260104012500,ATM_0134,corrective,2026-01-04 01:25:00,2026-01-04 04:45:00,card_reader,successful,INC_ATM_0134_20260104012500
MAINT_INC_ATM_0167_20260104013000,ATM_0167,corrective,2026-01-04 01:30:00,2026-01-04 04:00:00,network_module,successful,INC_ATM_0167_20260104013000
MAINT_INC_ATM_0038_20260104013500,ATM_0038,corrective,2026-01-04 01:35:00,2026-01-04 03:55:00,dispenser_mechanism,successful,INC_ATM_0038_20260104013500
MAINT_INC_ATM_0124_20260104015000,ATM_0124,corrective,2026-01-04 01:50:00,2026-01-04 03:35:00,card_reader,successful,INC_ATM_0124_20260104015000
MAINT_INC_ATM_0171_20260104050000,ATM_0171,corrective,2026-01-04 05:00:00,2026-01-04 07:30:00,software_update,successful,INC_ATM_0171_20260104050000
MAINT_INC_ATM_0023_20260104054000,ATM_0023,corrective,2026-01-04 05:40:00,2026-01-04 07:35:00,cooling_fan,successful,INC_ATM_0023_20260104054000
MAINT_INC_ATM_0141_20260104054500,ATM_0141,corrective,2026-01-04 05:45:00,2026-01-04 13:45:00,dispenser_mechanism,successful,INC_ATM_0141_20260104054500
MAINT_INC_ATM_0172_20260104080000,ATM_0172,corrective,2026-01-04 08:00:00,2026-01-04 09:45:00,printer_mechanism,successful,INC_ATM_0172_20260104080000
MAINT_INC_ATM_0004_20260104080500,ATM_0004,corrective,2026-01-04 08:05:00,2026-01-04 10:00:00,printer_mechanism,successful,INC_ATM_0004_20260104080500
MAINT_INC_ATM_0085_20260104083000,ATM_0085,corrective,2026-01-04 08:30:00,2026-01-04 15:20:00,dispenser_mechanism,successful,INC_ATM_0085_20260104083000
MAINT_INC_ATM_0096_20260104090000,ATM_0096,corrective,2026-01-04 09:00:00,2026-01-04 11:40:00,network_module,successful,INC_ATM_0096_20260104090000
MAINT_INC_ATM_0104_20260104094000,ATM_0104,corrective,2026-01-04 09:40:00,2026-01-04 20:45:00,hardware_module,successful,INC_ATM_0104_20260104094000
MAINT_INC_ATM_0155_20260104094500,ATM_0155,corrective,2026-01-04 09:45:00,2026-01-04 19:55:00,dispenser_mechanism,successful,INC_ATM_0155_20260104094500
MAINT_INC_ATM_0125_20260104095500,ATM_0125,corrective,2026-01-04 09:55:00,2026-01-04 12:40:00,cooling_fan,successful,INC_ATM_0125_20260104095500
MAINT_INC_ATM_0123_20260104103500,ATM_0123,corrective,2026-01-04 10:35:00,2026-01-04 13:05:00,dispenser_mechanism,successful,INC_ATM_0123_20260104103500
MAINT_INC_ATM_0021_20260104110000,ATM_0021,corrective,2026-01-04 11:00:00,2026-01-04 13:40:00,network_module,successful,INC_ATM_0021_20260104110000
MAINT_INC_ATM_0109_20260104110500,ATM_0109,corrective,2026-01-04 11:05:00,2026-01-04 13:50:00,cooling_fan,successful,INC_ATM_0109_20260104110500
MAINT_INC_ATM_0039_20260104112000,ATM_0039,corrective,2026-01-04 11:20:00,2026-01-04 13:10:00,cooling_fan,successful,INC_ATM_0039_20260104112000
MAINT_INC_ATM_0082_20260104112500,ATM_0082,corrective,2026-01-04 11:25:00,2026-01-04 23:15:00,dispenser_mechanism,successful,INC_ATM_0082_20260104112500
MAINT_INC_ATM_0161_20260104120000,ATM_0161,corrective,2026-01-04 12:00:00,2026-01-04 21:50:00,dispenser_mechanism,successful,INC_ATM_0161_20260104120000
MAINT_INC_ATM_0147_20260104130500,ATM_0147,corrective,2026-01-04 13:05:00,2026-01-04 15:05:00,dispenser_mechanism,successful,INC_ATM_0147_20260104130500
MAINT_INC_ATM_0059_20260104134000,ATM_0059,corrective,2026-01-04 13:40:00,2026-01-04 20:25:00,printer_mechanism,successful,INC_ATM_0059_20260104134000
MAINT_INC_ATM_0005_20260104141000,ATM_0005,corrective,2026-01-04 14:10:00,2026-01-05 02:40:00,card_reader,successful,INC_ATM_0005_20260104141000
MAINT_INC_ATM_0058_20260104150000,ATM_0058,corrective,2026-01-04 15:00:00,2026-01-04 18:30:00,cooling_fan,successful,INC_ATM_0058_20260104150000
MAINT_INC_ATM_0156_20260104152500,ATM_0156,corrective,2026-01-04 15:25:00,2026-01-04 17:25:00,dispenser_mechanism,successful,INC_ATM_0156_20260104152500
MAINT_INC_ATM_0057_20260104164000,ATM_0057,corrective,2026-01-04 16:40:00,2026-01-05 00:10:00,software_update,successful,INC_ATM_0057_20260104164000
MAINT_INC_ATM_0042_20260104164500,ATM_0042,corrective,2026-01-04 16:45:00,2026-01-04 19:25:00,dispenser_mechanism,successful,INC_ATM_0042_20260104164500
MAINT_INC_ATM_0054_20260104184000,ATM_0054,corrective,2026-01-04 18:40:00,2026-01-04 23:40:00,printer_mechanism,successful,INC_ATM_0054_20260104184000
MAINT_INC_ATM_0140_20260104184500,ATM_0140,corrective,2026-01-04 18:45:00,2026-01-04 20:00:00,cooling_fan,successful,INC_ATM_0140_20260104184500
MAINT_INC_ATM_0007_20260104190000,ATM_0007,corrective,2026-01-04 19:00:00,2026-01-04 21:45:00,network_module,successful,INC_ATM_0007_20260104190000
MAINT_INC_ATM_0021_20260104201000,ATM_0021,corrective,2026-01-04 20:10:00,2026-01-04 23:50:00,dispenser_mechanism,successful,INC_ATM_0021_20260104201000
MAINT_INC_ATM_0096_20260104203000,ATM_0096,corrective,2026-01-04 20:30:00,2026-01-04 22:20:00,software_update,successful,INC_ATM_0096_20260104203000
MAINT_INC_ATM_0107_20260104204500,ATM_0107,corrective,2026-01-04 20:45:00,2026-01-05 07:10:00,printer_mechanism,successful,INC_ATM_0107_20260104204500
MAINT_INC_ATM_0132_20260104214500,ATM_0132,corrective,2026-01-04 21:45:00,2026-01-05 00:35:00,printer_mechanism,successful,INC_ATM_0132_20260104214500
MAINT_INC_ATM_0079_20260104224000,ATM_0079,corrective,2026-01-04 22:40:00,2026-01-05 01:25:00,power_supply,successful,INC_ATM_0079_20260104224000
MAINT_INC_ATM_0067_20260104225000,ATM_0067,corrective,2026-01-04 22:50:00,2026-01-05 01:25:00,card_reader,successful,INC_ATM_0067_20260104225000
MAINT_INC_ATM_0093_20260105001500,ATM_0093,corrective,2026-01-05 00:15:00,2026-01-05 03:00:00,network_module,successful,INC_ATM_0093_20260105001500
MAINT_INC_ATM_0158_20260105001500,ATM_0158,corrective,2026-01-05 00:15:00,2026-01-05 03:10:00,dispenser_mechanism,successful,INC_ATM_0158_20260105001500
MAINT_INC_ATM_0113_20260105020500,ATM_0113,corrective,2026-01-05 02:05:00,2026-01-05 04:55:00,software_update,successful,INC_ATM_0113_20260105020500
MAINT_INC_ATM_0037_20260105024000,ATM_0037,corrective,2026-01-05 02:40:00,2026-01-05 12:55:00,card_reader,successful,INC_ATM_0037_20260105024000
MAINT_INC_ATM_0028_20260105025000,ATM_0028,corrective,2026-01-05 02:50:00,2026-01-05 09:20:00,software_update,successful,INC_ATM_0028_20260105025000
MAINT_INC_ATM_0084_20260105030500,ATM_0084,corrective,2026-01-05 03:05:00,2026-01-05 11:55:00,power_supply,successful,INC_ATM_0084_20260105030500
MAINT_INC_ATM_0002_20260105040500,ATM_0002,corrective,2026-01-05 04:05:00,2026-01-05 07:05:00,power_supply,successful,INC_ATM_0002_20260105040500
MAINT_INC_ATM_0033_20260105060500,ATM_0033,corrective,2026-01-05 06:05:00,2026-01-05 07:35:00,cooling_fan,successful,INC_ATM_0033_20260105060500
MAINT_INC_ATM_0123_20260105075000,ATM_0123,corrective,2026-01-05 07:50:00,2026-01-05 22:40:00,card_reader,successful,INC_ATM_0123_20260105075000
MAINT_INC_ATM_0171_20260105090000,ATM_0171,corrective,2026-01-05 09:00:00,2026-01-05 12:05:00,card_reader,successful,INC_ATM_0171_20260105090000
MAINT_INC_ATM_0038_20260105103000,ATM_0038,corrective,2026-01-05 10:30:00,2026-01-05 22:35:00,printer_mechanism,successful,INC_ATM_0038_20260105103000
MAINT_INC_ATM_0147_20260105112500,ATM_0147,corrective,2026-01-05 11:25:00,2026-01-05 14:10:00,power_supply,successful,INC_ATM_0147_20260105112500
MAINT_INC_ATM_0001_20260105123500,ATM_0001,corrective,2026-01-05 12:35:00,2026-01-05 14:55:00,printer_mechanism,successful,INC_ATM_0001_20260105123500
MAINT_INC_ATM_0117_20260105130000,ATM_0117,corrective,2026-01-05 13:00:00,2026-01-05 14:00:00,card_reader,successful,INC_ATM_0117_20260105130000
MAINT_INC_ATM_0053_20260105130500,ATM_0053,corrective,2026-01-05 13:05:00,2026-01-05 15:30:00,hardware_module,successful,INC_ATM_0053_20260105130500
MAINT_INC_ATM_0079_20260105132500,ATM_0079,corrective,2026-01-05 13:25:00,2026-01-05 15:05:00,software_update,successful,INC_ATM_0079_20260105132500
MAINT_INC_ATM_0115_20260105133000,ATM_0115,corrective,2026-01-05 13:30:00,2026-01-05 15:55:00,dispenser_mechanism,successful,INC_ATM_0115_20260105133000
MAINT_INC_ATM_0132_20260105134500,ATM_0132,corrective,2026-01-05 13:45:00,2026-01-06 01:25:00,dispenser_mechanism,successful,INC_ATM_0132_20260105134500
MAINT_INC_ATM_0143_20260105134500,ATM_0143,corrective,2026-01-05 13:45:00,2026-01-05 16:00:00,card_reader,successful,INC_ATM_0143_20260105134500
MAINT_INC_ATM_0129_20260105140000,ATM_0129,corrective,2026-01-05 14:00:00,2026-01-05 21:00:00,cooling_fan,successful,INC_ATM_0129_20260105140000
MAINT_INC_ATM_0144_20260105141000,ATM_0144,corrective,2026-01-05 14:10:00,2026-01-05 16:30:00,card_reader,successful,INC_ATM_0144_20260105141000
MAINT_INC_ATM_0006_20260105141500,ATM_0006,corrective,2026-01-05 14:15:00,2026-01-05 22:25:00,card_reader,successful,INC_ATM_0006_20260105141500
MAINT_INC_ATM_0055_20260105144500,ATM_0055,corrective,2026-01-05 14:45:00,2026-01-05 17:55:00,network_module,successful,INC_ATM_0055_20260105144500
MAINT_INC_ATM_0039_20260105150500,ATM_0039,corrective,2026-01-05 15:05:00,2026-01-05 21:00:00,network_module,successful,INC_ATM_0039_20260105150500
MAINT_INC_ATM_0013_20260105162000,ATM_0013,corrective,2026-01-05 16:20:00,2026-01-05 19:25:00,hardware_module,successful,INC_ATM_0013_20260105162000
MAINT_INC_ATM_0027_20260105174000,ATM_0027,corrective,2026-01-05 17:40:00,2026-01-05 20:10:00,printer_mechanism,successful,INC_ATM_0027_20260105174000
MAINT_INC_ATM_0126_20260105185500,ATM_0126,corrective,2026-01-05 18:55:00,2026-01-05 21:30:00,network_module,successful,INC_ATM_0126_20260105185500
MAINT_INC_ATM_0036_20260105195000,ATM_0036,corrective,2026-01-05 19:50:00,2026-01-05 23:15:00,cooling_fan,successful,INC_ATM_0036_20260105195000
MAINT_INC_ATM_0110_20260105201500,ATM_0110,corrective,2026-01-05 20:15:00,2026-01-06 04:45:00,printer_mechanism,successful,INC_ATM_0110_20260105201500
MAINT_INC_ATM_0059_20260105215500,ATM_0059,corrective,2026-01-05 21:55:00,2026-01-05 23:40:00,cooling_fan,successful,INC_ATM_0059_20260105215500
MAINT_INC_ATM_0078_20260105221000,ATM_0078,corrective,2026-01-05 22:10:00,2026-01-06 01:15:00,software_update,successful,INC_ATM_0078_20260105221000
MAINT_INC_ATM_0083_20260105222500,ATM_0083,corrective,2026-01-05 22:25:00,2026-01-05 23:55:00,card_reader,successful,INC_ATM_0083_20260105222500
MAINT_INC_ATM_0021_20260105230000,ATM_0021,corrective,2026-01-05 23:00:00,2026-01-06 01:30:00,printer_mechanism,successful,INC_ATM_0021_20260105230000
MAINT_INC_ATM_0019_20260105232000,ATM_0019,corrective,2026-01-05 23:20:00,2026-01-06 06:20:00,power_supply,successful,INC_ATM_0019_20260105232000
MAINT_INC_ATM_0041_20260105232500,ATM_0041,corrective,2026-01-05 23:25:00,2026-01-06 01:50:00,dispenser_mechanism,successful,INC_ATM_0041_20260105232500
MAINT_INC_ATM_0013_20260105233500,ATM_0013,corrective,2026-01-05 23:35:00,2026-01-06 02:35:00,card_reader,successful,INC_ATM_0013_20260105233500
MAINT_INC_ATM_0161_20260105234000,ATM_0161,corrective,2026-01-05 23:40:00,2026-01-06 01:15:00,hardware_module,successful,INC_ATM_0161_20260105234000
MAINT_INC_ATM_0047_20260106000500,ATM_0047,corrective,2026-01-06 00:05:00,2026-01-06 10:00:00,dispenser_mechanism,successful,INC_ATM_0047_20260106000500
MAINT_INC_ATM_0119_20260106000500,ATM_0119,corrective,2026-01-06 00:05:00,2026-01-06 04:20:00,network_module,successful,INC_ATM_0119_20260106000500
MAINT_INC_ATM_0043_20260106002500,ATM_0043,corrective,2026-01-06 00:25:00,2026-01-06 02:25:00,card_reader,successful,INC_ATM_0043_20260106002500
MAINT_INC_ATM_0027_20260106005000,ATM_0027,corrective,2026-01-06 00:50:00,2026-01-06 02:55:00,power_supply,successful,INC_ATM_0027_20260106005000
MAINT_INC_ATM_0087_20260106010500,ATM_0087,corrective,2026-01-06 01:05:00,2026-01-06 02:35:00,card_reader,successful,INC_ATM_0087_20260106010500
MAINT_INC_ATM_0134_20260106012500,ATM_0134,corrective,2026-01-06 01:25:00,2026-01-06 09:00:00,card_reader,successful,INC_ATM_0134_20260106012500
MAINT_INC_ATM_0017_20260106021500,ATM_0017,corrective,2026-01-06 02:15:00,2026-01-06 03:50:00,network_module,successful,INC_ATM_0017_20260106021500
MAINT_INC_ATM_0067_20260106024000,ATM_0067,corrective,2026-01-06 02:40:00,2026-01-06 04:55:00,cooling_fan,successful,INC_ATM_0067_20260106024000
MAINT_INC_ATM_0001_20260106032500,ATM_0001,corrective,2026-01-06 03:25:00,2026-01-06 05:25:00,card_reader,successful,INC_ATM_0001_20260106032500
MAINT_INC_ATM_0003_20260106044500,ATM_0003,corrective,2026-01-06 04:45:00,2026-01-06 13:50:00,printer_mechanism,successful,INC_ATM_0003_20260106044500
MAINT_INC_ATM_0044_20260106054500,ATM_0044,corrective,2026-01-06 05:45:00,2026-01-06 07:40:00,cooling_fan,successful,INC_ATM_0044_20260106054500
MAINT_INC_ATM_0159_20260106055000,ATM_0159,corrective,2026-01-06 05:50:00,2026-01-06 07:50:00,card_reader,successful,INC_ATM_0159_20260106055000
MAINT_INC_ATM_0063_20260106062000,ATM_0063,corrective,2026-01-06 06:20:00,2026-01-06 08:05:00,network_module,successful,INC_ATM_0063_20260106062000
MAINT_INC_ATM_0018_20260106063500,ATM_0018,corrective,2026-01-06 06:35:00,2026-01-06 09:10:00,card_reader,successful,INC_ATM_0018_20260106063500
MAINT_INC_ATM_0082_20260106085000,ATM_0082,corrective,2026-01-06 08:50:00,2026-01-06 11:50:00,printer_mechanism,successful,INC_ATM_0082_20260106085000
MAINT_INC_ATM_0113_20260106092000,ATM_0113,corrective,2026-01-06 09:20:00,2026-01-06 11:40:00,dispenser_mechanism,successful,INC_ATM_0113_20260106092000
MAINT_INC_ATM_0076_20260106092500,ATM_0076,corrective,2026-01-06 09:25:00,2026-01-06 11:25:00,card_reader,successful,INC_ATM_0076_20260106092500
MAINT_INC_ATM_0092_20260106093500,ATM_0092,corrective,2026-01-06 09:35:00,2026-01-06 11:30:00,dispenser_mechanism,successful,INC_ATM_0092_20260106093500
MAINT_INC_ATM_0083_20260106095000,ATM_0083,corrective,2026-01-06 09:50:00,2026-01-06 16:20:00,card_reader,successful,INC_ATM_0083_20260106095000
MAINT_INC_ATM_0056_20260106101500,ATM_0056,corrective,2026-01-06 10:15:00,2026-01-06 12:50:00,software_update,successful,INC_ATM_0056_20260106101500
MAINT_INC_ATM_0028_20260106104000,ATM_0028,corrective,2026-01-06 10:40:00,2026-01-06 18:25:00,card_reader,successful,INC_ATM_0028_20260106104000
MAINT_INC_ATM_0108_20260106104000,ATM_0108,corrective,2026-01-06 10:40:00,2026-01-06 16:15:00,printer_mechanism,successful,INC_ATM_0108_20260106104000
MAINT_INC_ATM_0104_20260106112500,ATM_0104,corrective,2026-01-06 11:25:00,2026-01-06 12:40:00,power_supply,successful,INC_ATM_0104_20260106112500
MAINT_INC_ATM_0055_20260106122500,ATM_0055,corrective,2026-01-06 12:25:00,2026-01-06 21:20:00,network_module,successful,INC_ATM_0055_20260106122500
MAINT_INC_ATM_0039_20260106134000,ATM_0039,corrective,2026-01-06 13:40:00,2026-01-06 14:45:00,card_reader,successful,INC_ATM_0039_20260106134000
MAINT_INC_ATM_0057_20260106142000,ATM_0057,corrective,2026-01-06 14:20:00,2026-01-06 17:00:00,network_module,successful,INC_ATM_0057_20260106142000
MAINT_INC_ATM_0044_20260106170000,ATM_0044,corrective,2026-01-06 17:00:00,2026-01-07 02:00:00,power_supply,successful,INC_ATM_0044_20260106170000
MAINT_INC_ATM_0151_20260106170000,ATM_0151,corrective,2026-01-06 17:00:00,2026-01-06 23:05:00,hardware_module,successful,INC_ATM_0151_20260106170000
MAINT_INC_ATM_0063_20260106172000,ATM_0063,corrective,2026-01-06 17:20:00,2026-01-06 19:25:00,card_reader,successful,INC_ATM_0063_20260106172000
MAINT_INC_ATM_0081_20260106182500,ATM_0081,corrective,2026-01-06 18:25:00,2026-01-07 02:10:00,hardware_module,successful,INC_ATM_0081_20260106182500
MAINT_INC_ATM_0058_20260106191000,ATM_0058,corrective,2026-01-06 19:10:00,2026-01-07 03:00:00,card_reader,successful,INC_ATM_0058_20260106191000
MAINT_INC_ATM_0087_20260106194000,ATM_0087,corrective,2026-01-06 19:40:00,2026-01-07 04:15:00,dispenser_mechanism,successful,INC_ATM_0087_20260106194000
MAINT_INC_ATM_0113_20260106203500,ATM_0113,corrective,2026-01-06 20:35:00,2026-01-06 22:30:00,network_module,successful,INC_ATM_0113_20260106203500
MAINT_INC_ATM_0154_20260106213000,ATM_0154,corrective,2026-01-06 21:30:00,2026-01-07 00:05:00,power_supply,successful,INC_ATM_0154_20260106213000
MAINT_INC_ATM_0135_20260106220500,ATM_0135,corrective,2026-01-06 22:05:00,2026-01-07 00:55:00,software_update,successful,INC_ATM_0135_20260106220500
MAINT_INC_ATM_0013_20260106221000,ATM_0013,corrective,2026-01-06 22:10:00,2026-01-07 00:05:00,dispenser_mechanism,successful,INC_ATM_0013_20260106221000
MAINT_INC_ATM_0028_20260106224500,ATM_0028,corrective,2026-01-06 22:45:00,2026-01-07 01:15:00,card_reader,successful,INC_ATM_0028_20260106224500
MAINT_INC_ATM_0160_20260106232500,ATM_0160,corrective,2026-01-06 23:25:00,2026-01-07 06:05:00,printer_mechanism,successful,INC_ATM_0160_20260106232500
MAINT_INC_ATM_0128_20260107002000,ATM_0128,corrective,2026-01-07 00:20:00,2026-01-07 03:10:00,printer_mechanism,successful,INC_ATM_0128_20260107002000
MAINT_INC_ATM_0129_20260107005000,ATM_0129,corrective,2026-01-07 00:50:00,2026-01-07 08:30:00,cooling_fan,successful,INC_ATM_0129_20260107005000
MAINT_INC_ATM_0173_20260107020000,ATM_0173,corrective,2026-01-07 02:00:00,2026-01-07 04:35:00,card_reader,successful,INC_ATM_0173_20260107020000
MAINT_INC_ATM_0067_20260107034000,ATM_0067,corrective,2026-01-07 03:40:00,2026-01-07 06:00:00,card_reader,successful,INC_ATM_0067_20260107034000
MAINT_INC_ATM_0103_20260107040500,ATM_0103,corrective,2026-01-07 04:05:00,2026-01-07 07:00:00,printer_mechanism,successful,INC_ATM_0103_20260107040500
MAINT_INC_ATM_0079_20260107041500,ATM_0079,corrective,2026-01-07 04:15:00,2026-01-07 11:40:00,card_reader,successful,INC_ATM_0079_20260107041500
MAINT_INC_ATM_0095_20260107050500,ATM_0095,corrective,2026-01-07 05:05:00,2026-01-07 13:35:00,printer_mechanism,successful,INC_ATM_0095_20260107050500
MAINT_INC_ATM_0042_20260107051500,ATM_0042,corrective,2026-01-07 05:15:00,2026-01-07 07:35:00,card_reader,successful,INC_ATM_0042_20260107051500
MAINT_INC_ATM_0060_20260107051500,ATM_0060,corrective,2026-01-07 05:15:00,2026-01-07 13:15:00,card_reader,successful,INC_ATM_0060_20260107051500
MAINT_INC_ATM_0109_20260107051500,ATM_0109,corrective,2026-01-07 05:15:00,2026-01-07 06:55:00,hardware_module,successful,INC_ATM_0109_20260107051500
MAINT_INC_ATM_0102_20260107062000,ATM_0102,corrective,2026-01-07 06:20:00,2026-01-07 17:20:00,software_update,successful,INC_ATM_0102_20260107062000
MAINT_INC_ATM_0074_20260107073000,ATM_0074,corrective,2026-01-07 07:30:00,2026-01-07 17:05:00,network_module,successful,INC_ATM_0074_20260107073000
MAINT_INC_ATM_0043_20260107085500,ATM_0043,corrective,2026-01-07 08:55:00,2026-01-07 11:25:00,card_reader,successful,INC_ATM_0043_20260107085500
MAINT_INC_ATM_0135_20260107093000,ATM_0135,corrective,2026-01-07 09:30:00,2026-01-07 11:30:00,printer_mechanism,successful,INC_ATM_0135_20260107093000
MAINT_INC_ATM_0049_20260107103500,ATM_0049,corrective,2026-01-07 10:35:00,2026-01-07 13:10:00,network_module,successful,INC_ATM_0049_20260107103500
MAINT_INC_ATM_0016_20260107113000,ATM_0016,corrective,2026-01-07 11:30:00,2026-01-07 13:10:00,hardware_module,successful,INC_ATM_0016_20260107113000
MAINT_INC_ATM_0134_20260107131000,ATM_0134,corrective,2026-01-07 13:10:00,2026-01-07 20:00:00,cooling_fan,successful,INC_ATM_0134_20260107131000
MAINT_INC_ATM_0015_20260107142500,ATM_0015,corrective,2026-01-07 14:25:00,2026-01-07 17:10:00,software_update,successful,INC_ATM_0015_20260107142500
MAINT_INC_ATM_0011_20260107144000,ATM_0011,corrective,2026-01-07 14:40:00,2026-01-07 21:30:00,card_reader,successful,INC_ATM_0011_20260107144000
MAINT_INC_ATM_0165_20260107144000,ATM_0165,corrective,2026-01-07 14:40:00,2026-01-07 23:35:00,network_module,successful,INC_ATM_0165_20260107144000
MAINT_INC_ATM_0169_20260107161000,ATM_0169,corrective,2026-01-07 16:10:00,2026-01-07 21:40:00,network_module,successful,INC_ATM_0169_20260107161000
MAINT_INC_ATM_0024_20260107162000,ATM_0024,corrective,2026-01-07 16:20:00,2026-01-07 18:10:00,card_reader,successful,INC_ATM_0024_20260107162000
MAINT_INC_ATM_0119_20260107165000,ATM_0119,corrective,2026-01-07 16:50:00,2026-01-07 18:40:00,card_reader,successful,INC_ATM_0119_20260107165000
MAINT_INC_ATM_0161_20260107165000,ATM_0161,corrective,2026-01-07 16:50:00,2026-01-07 19:10:00,cooling_fan,successful,INC_ATM_0161_20260107165000
MAINT_INC_ATM_0012_20260107171500,ATM_0012,corrective,2026-01-07 17:15:00,2026-01-07 19:25:00,dispenser_mechanism,successful,INC_ATM_0012_20260107171500
MAINT_INC_ATM_0090_20260107175000,ATM_0090,corrective,2026-01-07 17:50:00,2026-01-07 19:45:00,card_reader,successful,INC_ATM_0090_20260107175000
MAINT_INC_ATM_0086_20260107180500,ATM_0086,corrective,2026-01-07 18:05:00,2026-01-07 20:10:00,printer_mechanism,successful,INC_ATM_0086_20260107180500
MAINT_INC_ATM_0108_20260107191500,ATM_0108,corrective,2026-01-07 19:15:00,2026-01-07 21:45:00,card_reader,successful,INC_ATM_0108_20260107191500
MAINT_INC_ATM_0102_20260107193000,ATM_0102,corrective,2026-01-07 19:30:00,2026-01-07 21:15:00,hardware_module,successful,INC_ATM_0102_20260107193000
MAINT_INC_ATM_0022_20260107195000,ATM_0022,corrective,2026-01-07 19:50:00,2026-01-07 22:10:00,dispenser_mechanism,successful,INC_ATM_0022_20260107195000
MAINT_INC_ATM_0085_20260107201500,ATM_0085,corrective,2026-01-07 20:15:00,2026-01-07 22:15:00,printer_mechanism,successful,INC_ATM_0085_20260107201500
MAINT_INC_ATM_0121_20260107205000,ATM_0121,corrective,2026-01-07 20:50:00,2026-01-08 06:55:00,card_reader,successful,INC_ATM_0121_20260107205000
MAINT_INC_ATM_0006_20260107221000,ATM_0006,corrective,2026-01-07 22:10:00,2026-01-08 01:05:00,printer_mechanism,successful,INC_ATM_0006_20260107221000
MAINT_INC_ATM_0070_20260107222500,ATM_0070,corrective,2026-01-07 22:25:00,2026-01-08 01:35:00,dispenser_mechanism,successful,INC_ATM_0070_20260107222500
MAINT_INC_ATM_0087_20260107231500,ATM_0087,corrective,2026-01-07 23:15:00,2026-01-08 07:00:00,power_supply,successful,INC_ATM_0087_20260107231500
MAINT_INC_ATM_0161_20260107234500,ATM_0161,corrective,2026-01-07 23:45:00,2026-01-08 02:40:00,printer_mechanism,successful,INC_ATM_0161_20260107234500
MAINT_INC_ATM_0131_20260108000000,ATM_0131,corrective,2026-01-08 00:00:00,2026-01-08 02:15:00,printer_mechanism,successful,INC_ATM_0131_20260108000000
MAINT_INC_ATM_0081_20260108005000,ATM_0081,corrective,2026-01-08 00:50:00,2026-01-08 03:05:00,printer_mechanism,successful,INC_ATM_0081_20260108005000
MAINT_INC_ATM_0047_20260108025000,ATM_0047,corrective,2026-01-08 02:50:00,2026-01-08 12:15:00,network_module,successful,INC_ATM_0047_20260108025000
MAINT_INC_ATM_0147_20260108031500,ATM_0147,corrective,2026-01-08 03:15:00,2026-01-08 05:10:00,power_supply,successful,INC_ATM_0147_20260108031500
MAINT_INC_ATM_0080_20260108033000,ATM_0080,corrective,2026-01-08 03:30:00,2026-01-08 05:30:00,card_reader,successful,INC_ATM_0080_20260108033000
MAINT_INC_ATM_0174_20260108043000,ATM_0174,corrective,2026-01-08 04:30:00,2026-01-08 06:50:00,card_reader,successful,INC_ATM_0174_20260108043000
MAINT_INC_ATM_0158_20260108044500,ATM_0158,corrective,2026-01-08 04:45:00,2026-01-08 07:00:00,card_reader,successful,INC_ATM_0158_20260108044500
MAINT_INC_ATM_0104_20260108050000,ATM_0104,corrective,2026-01-08 05:00:00,2026-01-08 14:35:00,power_supply,successful,INC_ATM_0104_20260108050000
MAINT_INC_ATM_0009_20260108060500,ATM_0009,corrective,2026-01-08 06:05:00,2026-01-08 11:55:00,cooling_fan,successful,INC_ATM_0009_20260108060500
MAINT_INC_ATM_0167_20260108065500,ATM_0167,corrective,2026-01-08 06:55:00,2026-01-08 15:10:00,power_supply,successful,INC_ATM_0167_20260108065500
MAINT_INC_ATM_0062_20260108070000,ATM_0062,corrective,2026-01-08 07:00:00,2026-01-08 09:50:00,power_supply,successful,INC_ATM_0062_20260108070000
MAINT_INC_ATM_0105_20260108070500,ATM_0105,corrective,2026-01-08 07:05:00,2026-01-08 09:40:00,cooling_fan,successful,INC_ATM_0105_20260108070500
MAINT_INC_ATM_0138_20260108070500,ATM_0138,corrective,2026-01-08 07:05:00,2026-01-08 14:00:00,printer_mechanism,successful,INC_ATM_0138_20260108070500
MAINT_INC_ATM_0032_20260108073500,ATM_0032,corrective,2026-01-08 07:35:00,2026-01-08 10:20:00,printer_mechanism,successful,INC_ATM_0032_20260108073500
MAINT_INC_ATM_0058_20260108074500,ATM_0058,corrective,2026-01-08 07:45:00,2026-01-08 09:25:00,dispenser_mechanism,successful,INC_ATM_0058_20260108074500
MAINT_INC_ATM_0129_20260108074500,ATM_0129,corrective,2026-01-08 07:45:00,2026-01-08 12:55:00,network_module,successful,INC_ATM_0129_20260108074500
MAINT_INC_ATM_0118_20260108075500,ATM_0118,corrective,2026-01-08 07:55:00,2026-01-08 10:05:00,dispenser_mechanism,successful,INC_ATM_0118_20260108075500
MAINT_INC_ATM_0077_20260108082500,ATM_0077,corrective,2026-01-08 08:25:00,2026-01-08 10:45:00,card_reader,successful,INC_ATM_0077_20260108082500
MAINT_INC_ATM_0131_20260108082500,ATM_0131,corrective,2026-01-08 08:25:00,2026-01-08 17:40:00,network_module,successful,INC_ATM_0131_20260108082500
MAINT_INC_ATM_0127_20260108084000,ATM_0127,corrective,2026-01-08 08:40:00,2026-01-08 14:00:00,cooling_fan,successful,INC_ATM_0127_20260108084000
MAINT_INC_ATM_0155_20260108085000,ATM_0155,corrective,2026-01-08 08:50:00,2026-01-08 10:50:00,hardware_module,successful,INC_ATM_0155_20260108085000
MAINT_INC_ATM_0107_20260108092500,ATM_0107,corrective,2026-01-08 09:25:00,2026-01-08 12:40:00,power_supply,successful,INC_ATM_0107_20260108092500
MAINT_INC_ATM_0117_20260108105500,ATM_0117,corrective,2026-01-08 10:55:00,2026-01-08 13:10:00,dispenser_mechanism,successful,INC_ATM_0117_20260108105500
MAINT_INC_ATM_0121_20260108112000,ATM_0121,corrective,2026-01-08 11:20:00,2026-01-08 14:30:00,printer_mechanism,successful,INC_ATM_0121_20260108112000
MAINT_INC_ATM_0116_20260108114500,ATM_0116,corrective,2026-01-08 11:45:00,2026-01-08 14:40:00,dispenser_mechanism,successful,INC_ATM_0116_20260108114500
MAINT_INC_ATM_0098_20260108115500,ATM_0098,corrective,2026-01-08 11:55:00,2026-01-08 13:55:00,card_reader,successful,INC_ATM_0098_20260108115500
MAINT_INC_ATM_0151_20260108115500,ATM_0151,corrective,2026-01-08 11:55:00,2026-01-08 20:35:00,printer_mechanism,successful,INC_ATM_0151_20260108115500
MAINT_INC_ATM_0074_20260108130000,ATM_0074,corrective,2026-01-08 13:00:00,2026-01-08 15:10:00,cooling_fan,successful,INC_ATM_0074_20260108130000
MAINT_INC_ATM_0015_20260108135000,ATM_0015,corrective,2026-01-08 13:50:00,2026-01-08 16:30:00,card_reader,successful,INC_ATM_0015_20260108135000
MAINT_INC_ATM_0046_20260108143000,ATM_0046,corrective,2026-01-08 14:30:00,2026-01-08 21:35:00,hardware_module,successful,INC_ATM_0046_20260108143000
MAINT_INC_ATM_0002_20260108143500,ATM_0002,corrective,2026-01-08 14:35:00,2026-01-08 15:50:00,software_update,successful,INC_ATM_0002_20260108143500
MAINT_INC_ATM_0056_20260108144500,ATM_0056,corrective,2026-01-08 14:45:00,2026-01-08 17:15:00,network_module,successful,INC_ATM_0056_20260108144500
MAINT_INC_ATM_0073_20260108144500,ATM_0073,corrective,2026-01-08 14:45:00,2026-01-08 17:25:00,printer_mechanism,successful,INC_ATM_0073_20260108144500
MAINT_INC_ATM_0001_20260108145500,ATM_0001,corrective,2026-01-08 14:55:00,2026-01-08 17:45:00,power_supply,successful,INC_ATM_0001_20260108145500
MAINT_INC_ATM_0068_20260108152000,ATM_0068,corrective,2026-01-08 15:20:00,2026-01-08 18:35:00,hardware_module,successful,INC_ATM_0068_20260108152000
MAINT_INC_ATM_0134_20260108152000,ATM_0134,corrective,2026-01-08 15:20:00,2026-01-08 17:25:00,network_module,successful,INC_ATM_0134_20260108152000
MAINT_INC_ATM_0130_20260108154500,ATM_0130,corrective,2026-01-08 15:45:00,2026-01-08 18:30:00,hardware_module,successful,INC_ATM_0130_20260108154500
MAINT_INC_ATM_0100_20260108155000,ATM_0100,corrective,2026-01-08 15:50:00,2026-01-08 22:30:00,cooling_fan,successful,INC_ATM_0100_20260108155000
MAINT_INC_ATM_0052_20260108160000,ATM_0052,corrective,2026-01-08 16:00:00,2026-01-08 18:50:00,card_reader,successful,INC_ATM_0052_20260108160000
MAINT_INC_ATM_0099_20260108160000,ATM_0099,corrective,2026-01-08 16:00:00,2026-01-08 19:20:00,cooling_fan,successful,INC_ATM_0099_20260108160000
MAINT_INC_ATM_0037_20260108161500,ATM_0037,corrective,2026-01-08 16:15:00,2026-01-08 17:25:00,hardware_module,successful,INC_ATM_0037_20260108161500
MAINT_INC_ATM_0034_20260108164000,ATM_0034,corrective,2026-01-08 16:40:00,2026-01-09 02:05:00,card_reader,successful,INC_ATM_0034_20260108164000
MAINT_INC_ATM_0067_20260108171000,ATM_0067,corrective,2026-01-08 17:10:00,2026-01-08 20:15:00,card_reader,successful,INC_ATM_0067_20260108171000
MAINT_INC_ATM_0150_20260108181000,ATM_0150,corrective,2026-01-08 18:10:00,2026-01-08 20:20:00,printer_mechanism,successful,INC_ATM_0150_20260108181000
MAINT_INC_ATM_0123_20260108185000,ATM_0123,corrective,2026-01-08 18:50:00,2026-01-08 22:25:00,card_reader,successful,INC_ATM_0123_20260108185000
MAINT_INC_ATM_0027_20260108191500,ATM_0027,corrective,2026-01-08 19:15:00,2026-01-08 21:45:00,dispenser_mechanism,successful,INC_ATM_0027_20260108191500
MAINT_INC_ATM_0005_20260108200500,ATM_0005,corrective,2026-01-08 20:05:00,2026-01-08 22:20:00,network_module,successful,INC_ATM_0005_20260108200500
MAINT_INC_ATM_0114_20260108201000,ATM_0114,corrective,2026-01-08 20:10:00,2026-01-08 22:45:00,hardware_module,successful,INC_ATM_0114_20260108201000
MAINT_INC_ATM_0058_20260108221500,ATM_0058,corrective,2026-01-08 22:15:00,2026-01-09 00:25:00,software_update,successful,INC_ATM_0058_20260108221500
MAINT_INC_ATM_0109_20260108223500,ATM_0109,corrective,2026-01-08 22:35:00,2026-01-09 00:55:00,card_reader,successful,INC_ATM_0109_20260108223500
MAINT_INC_ATM_0169_20260108225000,ATM_0169,corrective,2026-01-08 22:50:00,2026-01-09 02:10:00,hardware_module,successful,INC_ATM_0169_20260108225000
MAINT_INC_ATM_0028_20260108230000,ATM_0028,corrective,2026-01-08 23:00:00,2026-01-09 01:50:00,card_reader,successful,INC_ATM_0028_20260108230000
MAINT_INC_ATM_0161_20260108230000,ATM_0161,corrective,2026-01-08 23:00:00,2026-01-09 09:30:00,card_reader,successful,INC_ATM_0161_20260108230000
MAINT_INC_ATM_0132_20260108231500,ATM_0132,corrective,2026-01-08 23:15:00,2026-01-09 01:25:00,cooling_fan,successful,INC_ATM_0132_20260108231500
MAINT_INC_ATM_0066_20260108232000,ATM_0066,corrective,2026-01-08 23:20:00,2026-01-09 02:20:00,network_module,successful,INC_ATM_0066_20260108232000
MAINT_INC_ATM_0156_20260108233000,ATM_0156,corrective,2026-01-08 23:30:00,2026-01-09 01:50:00,card_reader,successful,INC_ATM_0156_20260108233000
MAINT_INC_ATM_0073_20260109002000,ATM_0073,corrective,2026-01-09 00:20:00,2026-01-09 02:25:00,dispenser_mechanism,successful,INC_ATM_0073_20260109002000
MAINT_INC_ATM_0079_20260109002000,ATM_0079,corrective,2026-01-09 00:20:00,2026-01-09 10:15:00,dispenser_mechanism,successful,INC_ATM_0079_20260109002000
MAINT_INC_ATM_0111_20260109010000,ATM_0111,corrective,2026-01-09 01:00:00,2026-01-09 11:40:00,dispenser_mechanism,successful,INC_ATM_0111_20260109010000
MAINT_INC_ATM_0041_20260109015000,ATM_0041,corrective,2026-01-09 01:50:00,2026-01-09 04:25:00,printer_mechanism,successful,INC_ATM_0041_20260109015000
MAINT_INC_ATM_0098_20260109030000,ATM_0098,corrective,2026-01-09 03:00:00,2026-01-09 13:30:00,dispenser_mechanism,successful,INC_ATM_0098_20260109030000
MAINT_INC_ATM_0159_20260109032000,ATM_0159,corrective,2026-01-09 03:20:00,2026-01-09 05:30:00,power_supply,successful,INC_ATM_0159_20260109032000
MAINT_INC_ATM_0019_20260109033000,ATM_0019,corrective,2026-01-09 03:30:00,2026-01-09 06:15:00,card_reader,successful,INC_ATM_0019_20260109033000
MAINT_INC_ATM_0089_20260109033500,ATM_0089,corrective,2026-01-09 03:35:00,2026-01-09 06:15:00,power_supply,successful,INC_ATM_0089_20260109033500
MAINT_INC_ATM_0043_20260109041500,ATM_0043,corrective,2026-01-09 04:15:00,2026-01-09 10:15:00,network_module,successful,INC_ATM_0043_20260109041500
MAINT_INC_ATM_0086_20260109043000,ATM_0086,corrective,2026-01-09 04:30:00,2026-01-09 17:15:00,dispenser_mechanism,successful,INC_ATM_0086_20260109043000
MAINT_INC_ATM_0109_20260109050500,ATM_0109,corrective,2026-01-09 05:05:00,2026-01-09 09:35:00,power_supply,successful,INC_ATM_0109_20260109050500
MAINT_INC_ATM_0047_20260109051500,ATM_0047,corrective,2026-01-09 05:15:00,2026-01-09 15:20:00,dispenser_mechanism,successful,INC_ATM_0047_20260109051500
MAINT_INC_ATM_0033_20260109063500,ATM_0033,corrective,2026-01-09 06:35:00,2026-01-09 17:30:00,hardware_module,successful,INC_ATM_0033_20260109063500
MAINT_INC_ATM_0169_20260109065500,ATM_0169,corrective,2026-01-09 06:55:00,2026-01-09 10:00:00,card_reader,successful,INC_ATM_0169_20260109065500
MAINT_INC_ATM_0119_20260109074000,ATM_0119,corrective,2026-01-09 07:40:00,2026-01-09 15:05:00,card_reader,successful,INC_ATM_0119_20260109074000
MAINT_INC_ATM_0131_20260109081000,ATM_0131,corrective,2026-01-09 08:10:00,2026-01-09 17:00:00,power_supply,successful,INC_ATM_0131_20260109081000
MAINT_INC_ATM_0050_20260109085500,ATM_0050,corrective,2026-01-09 08:55:00,2026-01-09 10:55:00,dispenser_mechanism,successful,INC_ATM_0050_20260109085500
MAINT_INC_ATM_0049_20260109095500,ATM_0049,corrective,2026-01-09 09:55:00,2026-01-09 15:15:00,software_update,successful,INC_ATM_0049_20260109095500
MAINT_INC_ATM_0123_20260109095500,ATM_0123,corrective,2026-01-09 09:55:00,2026-01-09 13:00:00,software_update,successful,INC_ATM_0123_20260109095500
MAINT_INC_ATM_0061_20260109114500,ATM_0061,corrective,2026-01-09 11:45:00,2026-01-09 20:45:00,dispenser_mechanism,successful,INC_ATM_0061_20260109114500
MAINT_INC_ATM_0075_20260109114500,ATM_0075,corrective,2026-01-09 11:45:00,2026-01-09 19:15:00,printer_mechanism,successful,INC_ATM_0075_20260109114500
MAINT_INC_ATM_0136_20260109120500,ATM_0136,corrective,2026-01-09 12:05:00,2026-01-09 13:35:00,card_reader,successful,INC_ATM_0136_20260109120500
MAINT_INC_ATM_0001_20260109122500,ATM_0001,corrective,2026-01-09 12:25:00,2026-01-09 21:00:00,power_supply,successful,INC_ATM_0001_20260109122500
MAINT_INC_ATM_0105_20260109132000,ATM_0105,corrective,2026-01-09 13:20:00,2026-01-09 15:40:00,printer_mechanism,successful,INC_ATM_0105_20260109132000
MAINT_INC_ATM_0117_20260109142000,ATM_0117,corrective,2026-01-09 14:20:00,2026-01-09 16:35:00,card_reader,successful,INC_ATM_0117_20260109142000
MAINT_INC_ATM_0070_20260109142500,ATM_0070,corrective,2026-01-09 14:25:00,2026-01-09 15:40:00,network_module,successful,INC_ATM_0070_20260109142500
MAINT_INC_ATM_0080_20260109191000,ATM_0080,corrective,2026-01-09 19:10:00,2026-01-09 21:00:00,network_module,successful,INC_ATM_0080_20260109191000
MAINT_INC_ATM_0128_20260109212000,ATM_0128,corrective,2026-01-09 21:20:00,2026-01-10 00:15:00,hardware_module,successful,INC_ATM_0128_20260109212000
MAINT_INC_ATM_0148_20260109223500,ATM_0148,corrective,2026-01-09 22:35:00,2026-01-10 05:40:00,dispenser_mechanism,successful,INC_ATM_0148_20260109223500
MAINT_INC_ATM_0005_20260109233500,ATM_0005,corrective,2026-01-09 23:35:00,2026-01-10 01:45:00,network_module,successful,INC_ATM_0005_20260109233500
MAINT_INC_ATM_0168_20260109234000,ATM_0168,corrective,2026-01-09 23:40:00,2026-01-10 01:10:00,network_module,successful,INC_ATM_0168_20260109234000
MAINT_INC_ATM_0171_20260109234000,ATM_0171,corrective,2026-01-09 23:40:00,2026-01-10 09:05:00,printer_mechanism,successful,INC_ATM_0171_20260109234000
MAINT_INC_ATM_0077_20260109235500,ATM_0077,corrective,2026-01-09 23:55:00,2026-01-10 06:15:00,network_module,successful,INC_ATM_0077_20260109235500
MAINT_INC_ATM_0161_20260110001500,ATM_0161,corrective,2026-01-10 00:15:00,2026-01-10 02:25:00,dispenser_mechanism,successful,INC_ATM_0161_20260110001500
MAINT_INC_ATM_0017_20260110010500,ATM_0017,corrective,2026-01-10 01:05:00,2026-01-10 03:35:00,printer_mechanism,successful,INC_ATM_0017_20260110010500
MAINT_INC_ATM_0096_20260110014500,ATM_0096,corrective,2026-01-10 01:45:00,2026-01-10 04:05:00,power_supply,successful,INC_ATM_0096_20260110014500
MAINT_INC_ATM_0019_20260110024500,ATM_0019,corrective,2026-01-10 02:45:00,2026-01-10 05:05:00,card_reader,successful,INC_ATM_0019_20260110024500
MAINT_INC_ATM_0026_20260110032000,ATM_0026,corrective,2026-01-10 03:20:00,2026-01-10 06:40:00,printer_mechanism,successful,INC_ATM_0026_20260110032000
MAINT_INC_ATM_0061_20260110033000,ATM_0061,corrective,2026-01-10 03:30:00,2026-01-10 13:20:00,printer_mechanism,successful,INC_ATM_0061_20260110033000
MAINT_INC_ATM_0158_20260110033500,ATM_0158,corrective,2026-01-10 03:35:00,2026-01-10 06:15:00,software_update,successful,INC_ATM_0158_20260110033500
MAINT_INC_ATM_0121_20260110050500,ATM_0121,corrective,2026-01-10 05:05:00,2026-01-10 16:25:00,card_reader,successful,INC_ATM_0121_20260110050500
MAINT_INC_ATM_0086_20260110060000,ATM_0086,corrective,2026-01-10 06:00:00,2026-01-10 15:25:00,dispenser_mechanism,successful,INC_ATM_0086_20260110060000
MAINT_INC_ATM_0134_20260110060500,ATM_0134,corrective,2026-01-10 06:05:00,2026-01-10 12:50:00,dispenser_mechanism,successful,INC_ATM_0134_20260110060500
MAINT_INC_ATM_0054_20260110064500,ATM_0054,corrective,2026-01-10 06:45:00,2026-01-10 08:30:00,printer_mechanism,successful,INC_ATM_0054_20260110064500
MAINT_INC_ATM_0075_20260110070500,ATM_0075,corrective,2026-01-10 07:05:00,2026-01-10 12:10:00,software_update,successful,INC_ATM_0075_20260110070500
MAINT_INC_ATM_0051_20260110072500,ATM_0051,corrective,2026-01-10 07:25:00,2026-01-10 12:05:00,card_reader,successful,INC_ATM_0051_20260110072500
MAINT_INC_ATM_0145_20260110072500,ATM_0145,corrective,2026-01-10 07:25:00,2026-01-10 17:30:00,hardware_module,successful,INC_ATM_0145_20260110072500
MAINT_INC_ATM_0062_20260110075500,ATM_0062,corrective,2026-01-10 07:55:00,2026-01-10 10:25:00,software_update,successful,INC_ATM_0062_20260110075500
MAINT_INC_ATM_0063_20260110081000,ATM_0063,corrective,2026-01-10 08:10:00,2026-01-10 11:20:00,software_update,successful,INC_ATM_0063_20260110081000
MAINT_INC_ATM_0038_20260110090500,ATM_0038,corrective,2026-01-10 09:05:00,2026-01-10 12:25:00,printer_mechanism,successful,INC_ATM_0038_20260110090500
MAINT_INC_ATM_0045_20260110095000,ATM_0045,corrective,2026-01-10 09:50:00,2026-01-10 21:45:00,cooling_fan,successful,INC_ATM_0045_20260110095000
MAINT_INC_ATM_0001_20260110111000,ATM_0001,corrective,2026-01-10 11:10:00,2026-01-10 12:55:00,power_supply,successful,INC_ATM_0001_20260110111000
MAINT_INC_ATM_0173_20260110112000,ATM_0173,corrective,2026-01-10 11:20:00,2026-01-10 13:40:00,hardware_module,successful,INC_ATM_0173_20260110112000
MAINT_INC_ATM_0025_20260110113000,ATM_0025,corrective,2026-01-10 11:30:00,2026-01-10 16:15:00,printer_mechanism,successful,INC_ATM_0025_20260110113000
MAINT_INC_ATM_0172_20260110115500,ATM_0172,corrective,2026-01-10 11:55:00,2026-01-10 13:50:00,card_reader,successful,INC_ATM_0172_20260110115500
MAINT_INC_ATM_0041_20260110121000,ATM_0041,corrective,2026-01-10 12:10:00,2026-01-10 19:10:00,card_reader,successful,INC_ATM_0041_20260110121000
MAINT_INC_ATM_0158_20260110122000,ATM_0158,corrective,2026-01-10 12:20:00,2026-01-10 20:00:00,card_reader,successful,INC_ATM_0158_20260110122000
MAINT_INC_ATM_0128_20260110125000,ATM_0128,corrective,2026-01-10 12:50:00,2026-01-10 14:35:00,network_module,successful,INC_ATM_0128_20260110125000
MAINT_INC_ATM_0036_20260110130500,ATM_0036,corrective,2026-01-10 13:05:00,2026-01-10 21:05:00,power_supply,successful,INC_ATM_0036_20260110130500
MAINT_INC_ATM_0108_20260110131000,ATM_0108,corrective,2026-01-10 13:10:00,2026-01-10 15:45:00,card_reader,successful,INC_ATM_0108_20260110131000
MAINT_INC_ATM_0037_20260110132000,ATM_0037,corrective,2026-01-10 13:20:00,2026-01-10 15:05:00,card_reader,successful,INC_ATM_0037_20260110132000
MAINT_INC_ATM_0117_20260110143500,ATM_0117,corrective,2026-01-10 14:35:00,2026-01-10 17:05:00,dispenser_mechanism,successful,INC_ATM_0117_20260110143500
MAINT_INC_ATM_0098_20260110144000,ATM_0098,corrective,2026-01-10 14:40:00,2026-01-10 21:35:00,printer_mechanism,successful,INC_ATM_0098_20260110144000
MAINT_INC_ATM_0014_20260110160000,ATM_0014,corrective,2026-01-10 16:00:00,2026-01-10 18:05:00,printer_mechanism,successful,INC_ATM_0014_20260110160000
MAINT_INC_ATM_0040_20260110160000,ATM_0040,corrective,2026-01-10 16:00:00,2026-01-10 18:25:00,dispenser_mechanism,successful,INC_ATM_0040_20260110160000
MAINT_INC_ATM_0157_20260110172500,ATM_0157,corrective,2026-01-10 17:25:00,2026-01-11 02:10:00,dispenser_mechanism,successful,INC_ATM_0157_20260110172500
MAINT_INC_ATM_0156_20260110174500,ATM_0156,corrective,2026-01-10 17:45:00,2026-01-10 19:55:00,dispenser_mechanism,successful,INC_ATM_0156_20260110174500
MAINT_INC_ATM_0052_20260110175500,ATM_0052,corrective,2026-01-10 17:55:00,2026-01-10 20:40:00,printer_mechanism,successful,INC_ATM_0052_20260110175500
MAINT_INC_ATM_0114_20260110180500,ATM_0114,corrective,2026-01-10 18:05:00,2026-01-11 04:10:00,power_supply,successful,INC_ATM_0114_20260110180500
MAINT_INC_ATM_0149_20260110185000,ATM_0149,corrective,2026-01-10 18:50:00,2026-01-10 20:55:00,hardware_module,successful,INC_ATM_0149_20260110185000
MAINT_INC_ATM_0066_20260110190500,ATM_0066,corrective,2026-01-10 19:05:00,2026-01-10 21:50:00,printer_mechanism,successful,INC_ATM_0066_20260110190500
MAINT_INC_ATM_0168_20260110192000,ATM_0168,corrective,2026-01-10 19:20:00,2026-01-11 04:40:00,software_update,successful,INC_ATM_0168_20260110192000
MAINT_INC_ATM_0020_20260110193500,ATM_0020,corrective,2026-01-10 19:35:00,2026-01-10 22:10:00,printer_mechanism,successful,INC_ATM_0020_20260110193500
MAINT_INC_ATM_0027_20260110195000,ATM_0027,corrective,2026-01-10 19:50:00,2026-01-11 06:15:00,printer_mechanism,successful,INC_ATM_0027_20260110195000
MAINT_INC_ATM_0137_20260110220500,ATM_0137,corrective,2026-01-10 22:05:00,2026-01-11 09:00:00,card_reader,successful,INC_ATM_0137_20260110220500
MAINT_INC_ATM_0103_20260110222500,ATM_0103,corrective,2026-01-10 22:25:00,2026-01-11 06:55:00,power_supply,successful,INC_ATM_0103_20260110222500
MAINT_INC_ATM_0093_20260110224000,ATM_0093,corrective,2026-01-10 22:40:00,2026-01-11 00:50:00,dispenser_mechanism,successful,INC_ATM_0093_20260110224000
MAINT_INC_ATM_0018_20260110225000,ATM_0018,corrective,2026-01-10 22:50:00,2026-01-11 00:50:00,network_module,successful,INC_ATM_0018_20260110225000
MAINT_INC_ATM_0061_20260110231000,ATM_0061,corrective,2026-01-10 23:10:00,2026-01-11 01:00:00,network_module,successful,INC_ATM_0061_20260110231000
MAINT_INC_ATM_0031_20260111005500,ATM_0031,corrective,2026-01-11 00:55:00,2026-01-11 02:35:00,printer_mechanism,successful,INC_ATM_0031_20260111005500
MAINT_INC_ATM_0026_20260111012500,ATM_0026,corrective,2026-01-11 01:25:00,2026-01-11 12:55:00,dispenser_mechanism,successful,INC_ATM_0026_20260111012500
MAINT_INC_ATM_0028_20260111014000,ATM_0028,corrective,2026-01-11 01:40:00,2026-01-11 03:25:00,printer_mechanism,successful,INC_ATM_0028_20260111014000
MAINT_INC_ATM_0055_20260111015000,ATM_0055,corrective,2026-01-11 01:50:00,2026-01-11 03:40:00,dispenser_mechanism,successful,INC_ATM_0055_20260111015000
MAINT_INC_ATM_0118_20260111023500,ATM_0118,corrective,2026-01-11 02:35:00,2026-01-11 04:45:00,printer_mechanism,successful,INC_ATM_0118_20260111023500
MAINT_INC_ATM_0032_20260111024000,ATM_0032,corrective,2026-01-11 02:40:00,2026-01-11 04:35:00,card_reader,successful,INC_ATM_0032_20260111024000
MAINT_INC_ATM_0066_20260111035000,ATM_0066,corrective,2026-01-11 03:50:00,2026-01-11 07:20:00,hardware_module,successful,INC_ATM_0066_20260111035000
MAINT_INC_ATM_0174_20260111054000,ATM_0174,corrective,2026-01-11 05:40:00,2026-01-11 08:10:00,software_update,successful,INC_ATM_0174_20260111054000
MAINT_INC_ATM_0014_20260111055500,ATM_0014,corrective,2026-01-11 05:55:00,2026-01-11 08:10:00,power_supply,successful,INC_ATM_0014_20260111055500
MAINT_INC_ATM_0003_20260111094500,ATM_0003,corrective,2026-01-11 09:45:00,2026-01-11 19:55:00,hardware_module,successful,INC_ATM_0003_20260111094500
MAINT_INC_ATM_0175_20260111094500,ATM_0175,corrective,2026-01-11 09:45:00,2026-01-11 12:30:00,software_update,successful,INC_ATM_0175_20260111094500
MAINT_INC_ATM_0123_20260111112500,ATM_0123,corrective,2026-01-11 11:25:00,2026-01-11 20:10:00,software_update,successful,INC_ATM_0123_20260111112500
MAINT_INC_ATM_0053_20260111113500,ATM_0053,corrective,2026-01-11 11:35:00,2026-01-11 18:30:00,printer_mechanism,successful,INC_ATM_0053_20260111113500
MAINT_INC_ATM_0118_20260111122000,ATM_0118,corrective,2026-01-11 12:20:00,2026-01-11 20:30:00,software_update,successful,INC_ATM_0118_20260111122000
MAINT_INC_ATM_0129_20260111150000,ATM_0129,corrective,2026-01-11 15:00:00,2026-01-12 01:00:00,card_reader,successful,INC_ATM_0129_20260111150000
MAINT_INC_ATM_0149_20260111154000,ATM_0149,corrective,2026-01-11 15:40:00,2026-01-11 17:10:00,printer_mechanism,successful,INC_ATM_0149_20260111154000
MAINT_INC_ATM_0073_20260111172000,ATM_0073,corrective,2026-01-11 17:20:00,2026-01-11 20:45:00,card_reader,successful,INC_ATM_0073_20260111172000
MAINT_INC_ATM_0170_20260111184500,ATM_0170,corrective,2026-01-11 18:45:00,2026-01-11 20:55:00,card_reader,successful,INC_ATM_0170_20260111184500
MAINT_INC_ATM_0148_20260111203000,ATM_0148,corrective,2026-01-11 20:30:00,2026-01-11 23:10:00,software_update,successful,INC_ATM_0148_20260111203000
MAINT_INC_ATM_0108_20260111205000,ATM_0108,corrective,2026-01-11 20:50:00,2026-01-12 00:10:00,software_update,successful,INC_ATM_0108_20260111205000
MAINT_INC_ATM_0147_20260111210000,ATM_0147,corrective,2026-01-11 21:00:00,2026-01-11 22:45:00,software_update,successful,INC_ATM_0147_20260111210000
MAINT_INC_ATM_0143_20260111223500,ATM_0143,corrective,2026-01-11 22:35:00,2026-01-12 02:25:00,dispenser_mechanism,successful,INC_ATM_0143_20260111223500
MAINT_INC_ATM_0139_20260111230500,ATM_0139,corrective,2026-01-11 23:05:00,2026-01-12 06:55:00,network_module,successful,INC_ATM_0139_20260111230500
MAINT_INC_ATM_0038_20260111233500,ATM_0038,corrective,2026-01-11 23:35:00,2026-01-12 08:30:00,network_module,successful,INC_ATM_0038_20260111233500
MAINT_INC_ATM_0058_20260112001500,ATM_0058,corrective,2026-01-12 00:15:00,2026-01-12 02:50:00,network_module,successful,INC_ATM_0058_20260112001500
MAINT_INC_ATM_0163_20260112004000,ATM_0163,corrective,2026-01-12 00:40:00,2026-01-12 10:45:00,printer_mechanism,successful,INC_ATM_0163_20260112004000
MAINT_INC_ATM_0045_20260112010000,ATM_0045,corrective,2026-01-12 01:00:00,2026-01-12 03:20:00,card_reader,successful,INC_ATM_0045_20260112010000
MAINT_INC_ATM_0065_20260112022500,ATM_0065,corrective,2026-01-12 02:25:00,2026-01-12 12:45:00,network_module,successful,INC_ATM_0065_20260112022500
MAINT_INC_ATM_0123_20260112032500,ATM_0123,corrective,2026-01-12 03:25:00,2026-01-12 06:30:00,printer_mechanism,successful,INC_ATM_0123_20260112032500
MAINT_INC_ATM_0118_20260112033000,ATM_0118,corrective,2026-01-12 03:30:00,2026-01-12 05:10:00,card_reader,successful,INC_ATM_0118_20260112033000
MAINT_INC_ATM_0150_20260112050000,ATM_0150,corrective,2026-01-12 05:00:00,2026-01-12 13:40:00,printer_mechanism,successful,INC_ATM_0150_20260112050000
MAINT_INC_ATM_0064_20260112053000,ATM_0064,corrective,2026-01-12 05:30:00,2026-01-12 07:35:00,network_module,successful,INC_ATM_0064_20260112053000
MAINT_INC_ATM_0140_20260112062500,ATM_0140,corrective,2026-01-12 06:25:00,2026-01-12 08:00:00,software_update,successful,INC_ATM_0140_20260112062500
MAINT_INC_ATM_0149_20260112063500,ATM_0149,corrective,2026-01-12 06:35:00,2026-01-12 08:55:00,power_supply,successful,INC_ATM_0149_20260112063500
MAINT_INC_ATM_0062_20260112070000,ATM_0062,corrective,2026-01-12 07:00:00,2026-01-12 14:55:00,card_reader,successful,INC_ATM_0062_20260112070000
MAINT_INC_ATM_0003_20260112072000,ATM_0003,corrective,2026-01-12 07:20:00,2026-01-12 09:05:00,power_supply,successful,INC_ATM_0003_20260112072000
MAINT_INC_ATM_0070_20260112074500,ATM_0070,corrective,2026-01-12 07:45:00,2026-01-12 09:50:00,card_reader,successful,INC_ATM_0070_20260112074500
MAINT_INC_ATM_0052_20260112075500,ATM_0052,corrective,2026-01-12 07:55:00,2026-01-12 15:05:00,software_update,successful,INC_ATM_0052_20260112075500
MAINT_INC_ATM_0049_20260112085000,ATM_0049,corrective,2026-01-12 08:50:00,2026-01-12 11:30:00,printer_mechanism,successful,INC_ATM_0049_20260112085000
MAINT_INC_ATM_0170_20260112091500,ATM_0170,corrective,2026-01-12 09:15:00,2026-01-12 21:20:00,cooling_fan,successful,INC_ATM_0170_20260112091500
MAINT_INC_ATM_0022_20260112100500,ATM_0022,corrective,2026-01-12 10:05:00,2026-01-12 17:00:00,dispenser_mechanism,successful,INC_ATM_0022_20260112100500
MAINT_INC_ATM_0111_20260112100500,ATM_0111,corrective,2026-01-12 10:05:00,2026-01-12 12:40:00,dispenser_mechanism,successful,INC_ATM_0111_20260112100500
MAINT_INC_ATM_0106_20260112134000,ATM_0106,corrective,2026-01-12 13:40:00,2026-01-12 16:40:00,card_reader,successful,INC_ATM_0106_20260112134000
MAINT_INC_ATM_0108_20260112151500,ATM_0108,corrective,2026-01-12 15:15:00,2026-01-12 17:35:00,card_reader,successful,INC_ATM_0108_20260112151500
MAINT_INC_ATM_0003_20260112155000,ATM_0003,corrective,2026-01-12 15:50:00,2026-01-12 17:50:00,card_reader,successful,INC_ATM_0003_20260112155000
MAINT_INC_ATM_0076_20260112163000,ATM_0076,corrective,2026-01-12 16:30:00,2026-01-12 19:00:00,power_supply,successful,INC_ATM_0076_20260112163000
MAINT_INC_ATM_0159_20260112170500,ATM_0159,corrective,2026-01-12 17:05:00,2026-01-12 19:55:00,dispenser_mechanism,successful,INC_ATM_0159_20260112170500
MAINT_INC_ATM_0062_20260112174500,ATM_0062,corrective,2026-01-12 17:45:00,2026-01-12 20:15:00,hardware_module,successful,INC_ATM_0062_20260112174500
MAINT_INC_ATM_0038_20260112175500,ATM_0038,corrective,2026-01-12 17:55:00,2026-01-12 20:10:00,power_supply,successful,INC_ATM_0038_20260112175500
MAINT_INC_ATM_0119_20260112185000,ATM_0119,corrective,2026-01-12 18:50:00,2026-01-12 20:30:00,cooling_fan,successful,INC_ATM_0119_20260112185000
MAINT_INC_ATM_0018_20260112191500,ATM_0018,corrective,2026-01-12 19:15:00,2026-01-12 20:45:00,cooling_fan,successful,INC_ATM_0018_20260112191500
MAINT_INC_ATM_0015_20260112201000,ATM_0015,corrective,2026-01-12 20:10:00,2026-01-12 22:00:00,dispenser_mechanism,successful,INC_ATM_0015_20260112201000
MAINT_INC_ATM_0067_20260112203000,ATM_0067,corrective,2026-01-12 20:30:00,2026-01-12 23:15:00,software_update,successful,INC_ATM_0067_20260112203000
